{
  "version": "test",
  "timestamp": "20251212_191534",
  "model_type": "RandomForestRegressor",
  "n_estimators": 43,
  "max_depth": 11,
  "feature_importance": {
    "solar_wind_speed": 0.02677061269416561,
    "bz_field": 0.04058103962555612,
    "kp_index": 0.06544432426773736,
    "proton_flux": 0.04182021587510292,
    "cme_speed": 0.5511863953848773,
    "flare_class_encoded": 0.27419741215256077
  },
  "metrics": {},
  "model_file": "random_forest_vtest_20251212_191534.pkl"
}