{
  "version": "test",
  "timestamp": "20251212_160809",
  "model_type": "RandomForestRegressor",
  "n_estimators": 27,
  "max_depth": 14,
  "feature_importance": {
    "solar_wind_speed": 0.007999415564078407,
    "bz_field": 0.04917062259492209,
    "kp_index": 0.08031966517862327,
    "proton_flux": 0.03963281157438556,
    "cme_speed": 0.5902001546652735,
    "flare_class_encoded": 0.23267733042271718
  },
  "metrics": {},
  "model_file": "random_forest_vtest_20251212_160809.pkl"
}