{
  "version": "test",
  "timestamp": "20251212_161159",
  "model_type": "RandomForestRegressor",
  "n_estimators": 32,
  "max_depth": 5,
  "feature_importance": {
    "solar_wind_speed": 0.006052059027093033,
    "bz_field": 0.04367943318113855,
    "kp_index": 0.06485291046307205,
    "proton_flux": 0.04562028310964986,
    "cme_speed": 0.5684368591095295,
    "flare_class_encoded": 0.2713584551095171
  },
  "metrics": {},
  "model_file": "random_forest_vtest_20251212_161159.pkl"
}