{
  "version": "test",
  "timestamp": "20251212_160642",
  "model_type": "RandomForestRegressor",
  "n_estimators": 14,
  "max_depth": 14,
  "feature_importance": {
    "solar_wind_speed": 0.008438015635119978,
    "bz_field": 0.02090927810157158,
    "kp_index": 0.11197534101617185,
    "proton_flux": 0.03744813897973341,
    "cme_speed": 0.6480824941707906,
    "flare_class_encoded": 0.1731467320966127
  },
  "metrics": {},
  "model_file": "random_forest_vtest_20251212_160642.pkl"
}