{
  "version": "test",
  "timestamp": "20251212_160641",
  "model_type": "RandomForestRegressor",
  "n_estimators": 26,
  "max_depth": 5,
  "feature_importance": {
    "solar_wind_speed": 0.005470012704450318,
    "bz_field": 0.050424499093265296,
    "kp_index": 0.07260015915883247,
    "proton_flux": 0.05181756511310427,
    "cme_speed": 0.5780683760864834,
    "flare_class_encoded": 0.24161938784386433
  },
  "metrics": {},
  "model_file": "random_forest_vtest_20251212_160641.pkl"
}