{
  "version": "test",
  "timestamp": "20251212_003731",
  "model_type": "RandomForestRegressor",
  "n_estimators": 48,
  "max_depth": 14,
  "feature_importance": {
    "solar_wind_speed": 0.02461670067348726,
    "bz_field": 0.037327162091434836,
    "kp_index": 0.0710533718515577,
    "proton_flux": 0.040711272300369535,
    "cme_speed": 0.549834665950616,
    "flare_class_encoded": 0.2764568271325347
  },
  "metrics": {},
  "model_file": "random_forest_vtest_20251212_003731.pkl"
}