{
  "version": "test",
  "timestamp": "20251212_184442",
  "model_type": "RandomForestRegressor",
  "n_estimators": 15,
  "max_depth": 15,
  "feature_importance": {
    "solar_wind_speed": 0.00818996572692858,
    "bz_field": 0.019656620612294794,
    "kp_index": 0.110422401725443,
    "proton_flux": 0.03606031630549139,
    "cme_speed": 0.6640271117681303,
    "flare_class_encoded": 0.161643583861712
  },
  "metrics": {},
  "model_file": "random_forest_vtest_20251212_184442.pkl"
}