{
  "version": "test",
  "timestamp": "20251212_161201",
  "model_type": "RandomForestRegressor",
  "n_estimators": 31,
  "max_depth": 5,
  "feature_importance": {
    "solar_wind_speed": 0.006247286737644421,
    "bz_field": 0.04508844715472367,
    "kp_index": 0.06671444295222437,
    "proton_flux": 0.04709190514544502,
    "cme_speed": 0.5805032123242148,
    "flare_class_encoded": 0.25435470568574775
  },
  "metrics": {},
  "model_file": "random_forest_vtest_20251212_161201.pkl"
}