{
  "version": "test",
  "timestamp": "20251212_170415",
  "model_type": "RandomForestRegressor",
  "n_estimators": 33,
  "max_depth": 9,
  "feature_importance": {
    "solar_wind_speed": 0.007835384180102527,
    "bz_field": 0.046330322816848866,
    "kp_index": 0.06915625975136638,
    "proton_flux": 0.03816924737972658,
    "cme_speed": 0.5539500449983346,
    "flare_class_encoded": 0.28455874087362115
  },
  "metrics": {},
  "model_file": "random_forest_vtest_20251212_170415.pkl"
}