{
  "version": "test",
  "timestamp": "20251212_190449",
  "model_type": "RandomForestRegressor",
  "n_estimators": 22,
  "max_depth": 10,
  "feature_importance": {
    "solar_wind_speed": 0.0075895360108937165,
    "bz_field": 0.019160491734874927,
    "kp_index": 0.08916805119224601,
    "proton_flux": 0.03864763433682029,
    "cme_speed": 0.6283884872146038,
    "flare_class_encoded": 0.2170457995105612
  },
  "metrics": {},
  "model_file": "random_forest_vtest_20251212_190449.pkl"
}