{
  "version": "test",
  "timestamp": "20251209_191332",
  "model_type": "RandomForestRegressor",
  "n_estimators": 10,
  "max_depth": 6,
  "feature_importance": {
    "solar_wind_speed": 0.009016952406106834,
    "bz_field": 0.026258163230585586,
    "kp_index": 0.08547998627373564,
    "proton_flux": 0.017641677571176982,
    "cme_speed": 0.6210318783135849,
    "flare_class_encoded": 0.24057134220481008
  },
  "metrics": {},
  "model_file": "random_forest_vtest_20251209_191332.pkl"
}