{
  "version": "test",
  "timestamp": "20251209_172223",
  "model_type": "RandomForestRegressor",
  "n_estimators": 38,
  "max_depth": 5,
  "feature_importance": {
    "solar_wind_speed": 0.027980910996814008,
    "bz_field": 0.039730349768609646,
    "kp_index": 0.06202022825348644,
    "proton_flux": 0.0449129248896303,
    "cme_speed": 0.5358425072149808,
    "flare_class_encoded": 0.2895130788764788
  },
  "metrics": {},
  "model_file": "random_forest_vtest_20251209_172223.pkl"
}