{
  "version": "test",
  "timestamp": "20251209_172219",
  "model_type": "RandomForestRegressor",
  "n_estimators": 37,
  "max_depth": 15,
  "feature_importance": {
    "solar_wind_speed": 0.029367597892743517,
    "bz_field": 0.04160798369687469,
    "kp_index": 0.06957129018386468,
    "proton_flux": 0.038175081775201195,
    "cme_speed": 0.5459476418876487,
    "flare_class_encoded": 0.27533040456366725
  },
  "metrics": {},
  "model_file": "random_forest_vtest_20251209_172219.pkl"
}