{
  "version": "test",
  "timestamp": "20251208_195332",
  "model_type": "RandomForestRegressor",
  "n_estimators": 20,
  "max_depth": 5,
  "feature_importance": {
    "solar_wind_speed": 0.0060275472793167575,
    "bz_field": 0.020133860286968897,
    "kp_index": 0.0688063986095975,
    "proton_flux": 0.05533327082938808,
    "cme_speed": 0.611593311863053,
    "flare_class_encoded": 0.23810561113167572
  },
  "metrics": {},
  "model_file": "random_forest_vtest_20251208_195332.pkl"
}