{
  "version": "test",
  "timestamp": "20251208_210050",
  "model_type": "RandomForestRegressor",
  "n_estimators": 48,
  "max_depth": 5,
  "feature_importance": {
    "solar_wind_speed": 0.02365027613744475,
    "bz_field": 0.03635371978606231,
    "kp_index": 0.06280000220820002,
    "proton_flux": 0.0473296693955117,
    "cme_speed": 0.5530052155189922,
    "flare_class_encoded": 0.27686111695378895
  },
  "metrics": {},
  "model_file": "random_forest_vtest_20251208_210050.pkl"
}