{
  "version": "test",
  "timestamp": "20251209_191329",
  "model_type": "RandomForestRegressor",
  "n_estimators": 15,
  "max_depth": 5,
  "feature_importance": {
    "solar_wind_speed": 0.006341370276700911,
    "bz_field": 0.01950939670652724,
    "kp_index": 0.08544828583180951,
    "proton_flux": 0.061125155805723766,
    "cme_speed": 0.6667741033259742,
    "flare_class_encoded": 0.16080168805326436
  },
  "metrics": {},
  "model_file": "random_forest_vtest_20251209_191329.pkl"
}